sample_start_date,sample_start_time,sample_end_date,sample_end_time,value,sample_info,sample_name,taxon,title,country,location_description,location_environment,study_lat_DD,study_long_DD,geo_datum,spatial_accuracy,location_extent,species_id_method,study_design,sampling_strategy,sampling_method,sampling_protocol,measurement_unit,study_collection_area,value_transform
,,2018-01-11,,1,flea populations on the beagles,NA,Ctenocephalides canis,Monthly Flea collections from Battersea Dogs Home,UK,Battersea Dogs Home: dog 1,Dog coat,51.50853,-0.12574, WGS 84,NA,NA,microscopy - morphologically examined,Observational study,Random Sampling,comb counts,Flea capture - entire dog,Ticks per dog 1,Whole dog,None
,,2018-01-12,,20,flea populations on the beagles,NA,Ctenocephalides canis,Monthly Flea collections from Battersea Dogs Home,UK,Battersea Dogs Home: dog 2,Dog coat,51.50853,-0.12574, WGS 85,NA,NA,microscopy - morphologically examined,Observational study,Random Sampling,comb counts,Flea capture - entire dog,Ticks per dog 1,Whole dog,None
,,2018-01-13,,24,flea populations on the beagles,NA,Ctenocephalides canis,Monthly Flea collections from Battersea Dogs Home,UK,Battersea Dogs Home: dog 3,Dog coat,51.50853,-0.12574, WGS 86,NA,NA,microscopy - morphologically examined,Observational study,Random Sampling,comb counts,Flea capture - entire dog,Ticks per dog 1,Whole dog,None
,,2018-01-14,,40,flea populations on the beagles,NA,Ctenocephalides canis,Monthly Flea collections from Battersea Dogs Home,UK,Battersea Dogs Home: dog 4,Dog coat,51.50853,-0.12574, WGS 87,NA,NA,microscopy - morphologically examined,Observational study,Random Sampling,comb counts,Flea capture - entire dog,Ticks per dog 1,Whole dog,None
,,2018-01-15,,5,flea populations on the beagles,NA,Ctenocephalides canis,Monthly Flea collections from Battersea Dogs Home,UK,Battersea Dogs Home: dog 5,Dog coat,51.50853,-0.12574, WGS 88,NA,NA,microscopy - morphologically examined,Observational study,Random Sampling,comb counts,Flea capture - entire dog,Ticks per dog 1,Whole dog,None
,,2018-01-16,,60,flea populations on the beagles,NA,Ctenocephalides canis,Monthly Flea collections from Battersea Dogs Home,UK,Battersea Dogs Home: dog 6,Dog coat,51.50853,-0.12574, WGS 89,NA,NA,microscopy - morphologically examined,Observational study,Random Sampling,comb counts,Flea capture - entire dog,Ticks per dog 1,Whole dog,None
,,2018-01-17,,35,flea populations on the beagles,NA,Ctenocephalides canis,Monthly Flea collections from Battersea Dogs Home,UK,Battersea Dogs Home: dog 7,Dog coat,51.50853,-0.12574, WGS 90,NA,NA,microscopy - morphologically examined,Observational study,Random Sampling,comb counts,Flea capture - entire dog,Ticks per dog 1,Whole dog,None
,,2018-01-18,,64,flea populations on the beagles,NA,Ctenocephalides canis,Monthly Flea collections from Battersea Dogs Home,UK,Battersea Dogs Home: dog 8,Dog coat,51.50853,-0.12574, WGS 91,NA,NA,microscopy - morphologically examined,Observational study,Random Sampling,comb counts,Flea capture - entire dog,Ticks per dog 1,Whole dog,None
,,2018-01-19,,9,flea populations on the beagles,NA,Ctenocephalides canis,Monthly Flea collections from Battersea Dogs Home,UK,Battersea Dogs Home: dog 9,Dog coat,51.50853,-0.12574, WGS 92,NA,NA,microscopy - morphologically examined,Observational study,Random Sampling,comb counts,Flea capture - entire dog,Ticks per dog 1,Whole dog,None
,,2018-01-20,,100,flea populations on the beagles,NA,Ctenocephalides canis,Monthly Flea collections from Battersea Dogs Home,UK,Battersea Dogs Home: dog 10,Dog coat,51.50853,-0.12574, WGS 93,NA,NA,microscopy - morphologically examined,Observational study,Random Sampling,comb counts,Flea capture - entire dog,Ticks per dog 1,Whole dog,None
,,2018-01-21,,34,flea populations on the beagles,NA,Ctenocephalides canis,Monthly Flea collections from Battersea Dogs Home,UK,Battersea Dogs Home: dog 11,Dog coat,51.50853,-0.12574, WGS 94,NA,NA,microscopy - morphologically examined,Observational study,Random Sampling,comb counts,Flea capture - entire dog,Ticks per dog 1,Whole dog,None
,,2018-01-22,,34,flea populations on the beagles,NA,Ctenocephalides canis,Monthly Flea collections from Battersea Dogs Home,UK,Battersea Dogs Home: dog 12,Dog coat,51.50853,-0.12574, WGS 95,NA,NA,microscopy - morphologically examined,Observational study,Random Sampling,comb counts,Flea capture - entire dog,Ticks per dog 1,Whole dog,None
,,2018-01-23,,7,flea populations on the beagles,NA,Ctenocephalides canis,Monthly Flea collections from Battersea Dogs Home,UK,Battersea Dogs Home: dog 13,Dog coat,51.50853,-0.12574, WGS 96,NA,NA,microscopy - morphologically examined,Observational study,Random Sampling,comb counts,Flea capture - entire dog,Ticks per dog 1,Whole dog,None
,,2018-01-24,,23,flea populations on the beagles,NA,Ctenocephalides canis,Monthly Flea collections from Battersea Dogs Home,UK,Battersea Dogs Home: dog 14,Dog coat,51.50853,-0.12574, WGS 97,NA,NA,microscopy - morphologically examined,Observational study,Random Sampling,comb counts,Flea capture - entire dog,Ticks per dog 1,Whole dog,None
,,2018-01-25,,15,flea populations on the beagles,NA,Ctenocephalides canis,Monthly Flea collections from Battersea Dogs Home,UK,Battersea Dogs Home: dog 15,Dog coat,51.50853,-0.12574, WGS 98,NA,NA,microscopy - morphologically examined,Observational study,Random Sampling,comb counts,Flea capture - entire dog,Ticks per dog 1,Whole dog,None
,,2018-01-26,,16,flea populations on the beagles,NA,Ctenocephalides canis,Monthly Flea collections from Battersea Dogs Home,UK,Battersea Dogs Home: dog 16,Dog coat,51.50853,-0.12574, WGS 99,NA,NA,microscopy - morphologically examined,Observational study,Random Sampling,comb counts,Flea capture - entire dog,Ticks per dog 1,Whole dog,None
,,2018-01-27,,235,flea populations on the beagles,NA,Ctenocephalides canis,Monthly Flea collections from Battersea Dogs Home,UK,Battersea Dogs Home: dog 17,Dog coat,51.50853,-0.12574, WGS 100,NA,NA,microscopy - morphologically examined,Observational study,Random Sampling,comb counts,Flea capture - entire dog,Ticks per dog 1,Whole dog,None
,,2018-01-28,,57,flea populations on the beagles,NA,Ctenocephalides canis,Monthly Flea collections from Battersea Dogs Home,UK,Battersea Dogs Home: dog 18,Dog coat,51.50853,-0.12574, WGS 101,NA,NA,microscopy - morphologically examined,Observational study,Random Sampling,comb counts,Flea capture - entire dog,Ticks per dog 1,Whole dog,None
,,2018-01-29,,57,flea populations on the beagles,NA,Ctenocephalides canis,Monthly Flea collections from Battersea Dogs Home,UK,Battersea Dogs Home: dog 19,Dog coat,51.50853,-0.12574, WGS 102,NA,NA,microscopy - morphologically examined,Observational study,Random Sampling,comb counts,Flea capture - entire dog,Ticks per dog 1,Whole dog,None
,,2018-01-30,,24,flea populations on the beagles,NA,Ctenocephalides canis,Monthly Flea collections from Battersea Dogs Home,UK,Battersea Dogs Home: dog 20,Dog coat,51.50853,-0.12574, WGS 103,NA,NA,microscopy - morphologically examined,Observational study,Random Sampling,comb counts,Flea capture - entire dog,Ticks per dog 1,Whole dog,None
,,2018-01-31,,346,flea populations on the beagles,NA,Ctenocephalides canis,Monthly Flea collections from Battersea Dogs Home,UK,Battersea Dogs Home: dog 21,Dog coat,51.50853,-0.12574, WGS 104,NA,NA,microscopy - morphologically examined,Observational study,Random Sampling,comb counts,Flea capture - entire dog,Ticks per dog 1,Whole dog,None
,,2018-02-01,,5,flea populations on the beagles,NA,Ctenocephalides canis,Monthly Flea collections from Battersea Dogs Home,UK,Battersea Dogs Home: dog 22,Dog coat,51.50853,-0.12574, WGS 105,NA,NA,microscopy - morphologically examined,Observational study,Random Sampling,comb counts,Flea capture - entire dog,Ticks per dog 1,Whole dog,None
,,2018-02-02,,568,flea populations on the beagles,NA,Ctenocephalides canis,Monthly Flea collections from Battersea Dogs Home,UK,Battersea Dogs Home: dog 23,Dog coat,51.50853,-0.12574, WGS 106,NA,NA,microscopy - morphologically examined,Observational study,Random Sampling,comb counts,Flea capture - entire dog,Ticks per dog 1,Whole dog,None
,,2018-02-03,,346,flea populations on the beagles,NA,Ctenocephalides canis,Monthly Flea collections from Battersea Dogs Home,UK,Battersea Dogs Home: dog 24,Dog coat,51.50853,-0.12574, WGS 107,NA,NA,microscopy - morphologically examined,Observational study,Random Sampling,comb counts,Flea capture - entire dog,Ticks per dog 1,Whole dog,None
,,2018-02-04,,25,flea populations on the beagles,NA,Ctenocephalides canis,Monthly Flea collections from Battersea Dogs Home,UK,Battersea Dogs Home: dog 25,Dog coat,51.50853,-0.12574, WGS 108,NA,NA,microscopy - morphologically examined,Observational study,Random Sampling,comb counts,Flea capture - entire dog,Ticks per dog 1,Whole dog,None
